generator,n_all,marginal_ra_mean,marginal_ra_median,marginal_qed_mean,marginal_qed_median,n_top5pct,conditional_ra_mean,conditional_ra_median,conditional_qed_mean,conditional_qed_median,ra_gap_marginal_minus_conditional
DiffSBDD,20317,0.6900848836005006,0.8626688122749329,0.5275174738348427,0.536702664570701,802,0.34911605436877435,0.1794921979308128,0.42646854515805005,0.4055264102660945,0.68317661434412
PocketXMol,21653,0.702440296064648,0.8616135120391846,0.4797915157575436,0.4784923413243065,1223,0.7607238379083209,0.9249133467674256,0.4330213270076186,0.4416733480245224,-0.06329983472824108
PocketXMolAR,22599,0.7971825390193225,0.9373425245285034,0.4785294224186734,0.4738237716037953,1204,0.8226647814202039,0.9623137414455414,0.4329998202902942,0.43803524780089353,-0.024971216917037964
