generator,n_targets,mean_balanced_accuracy,mean_shuffled,mean_delta,std_delta,min_delta,max_delta
DiffSBDD,10,0.45056000353728337,0.3095293356835186,0.14103066785376478,0.11795131582516373,0.0421697583392831,0.3633805681933071
PocketXMol,10,0.5871440628720724,0.3047584642597602,0.28238559861231216,0.10486790832755687,0.1058286153774817,0.462817973223346
PocketXMolAR,10,0.5586890591623925,0.3068009484977704,0.251888110664622,0.079321181320197,0.1442276275108167,0.4081724556295553
